<?xml version="1.0" encoding="UTF-8"?>
<config xmlns="http://www.knime.org/2008/09/XMLConfig" xmlns:xsi="http://www.w3.org/2001/XMLSchema-instance" xsi:schemaLocation="http://www.knime.org/2008/09/XMLConfig http://www.knime.org/XMLConfig_2008_09.xsd" key="content">
    <entry key="version" type="xint" value="1"/>
    <entry key="port_spec_class" type="xstring" value="org.knime.ext.weka37.ports.WekaClassifierModelPortObjectSpec"/>
    <entry key="port_object_class" type="xstring" value="org.knime.ext.weka37.ports.WekaClassifierModelFileStorePortObject"/>
    <config key="filestores">
        <entry key="handlerUUID" type="xstring" value="afdf8c68-c315-478e-8831-fd5900d6c7d0"/>
        <config key="port_file_store_keys">
            <config key="filestore_key_0">
                <entry key="storeUUID" type="xstring" value="afdf8c68-c315-478e-8831-fd5900d6c7d0"/>
                <entry key="index" type="xint" value="0"/>
                <entry key="name" type="xstring" value="0_474a49c1-d664-4494-9b78-5bc0778ff14c"/>
                <entry key="iterationIndex" type="xint" value="-1"/>
            </config>
            <config key="filestore_key_1">
                <entry key="storeUUID" type="xstring" value="afdf8c68-c315-478e-8831-fd5900d6c7d0"/>
                <entry key="index" type="xint" value="1"/>
                <entry key="name" type="xstring" value="1_acd3cbe8-4651-4929-87d9-63eaa263831d"/>
                <entry key="iterationIndex" type="xint" value="-1"/>
            </config>
        </config>
    </config>
</config>
